capture_id,timestamp,track1,track2,masked_pan,cardholder_name_dummy,expiry
CAP-001,2026-03-12T10:14:22+05:30,"%B4539000000001129^SHARMA/ROHIT^2812101000000000000?","4539000000001129=28121010000012340000",4539********1129,ROHIT SHARMA,12/28
CAP-002,2026-03-12T10:22:07+05:30,"%B4539000000004482^VERMA/NEHA^2703101000000000000?","4539000000004482=27031010000056780000",4539********4482,NEHA VERMA,03/27
CAP-003,2026-03-13T09:05:41+05:30,"%B6011000000009931^KHAN/AAMIR^2909101000000000000?","6011000000009931=29091010000091230000",6011********9931,AAMIR KHAN,09/29
CAP-004,2026-03-13T18:47:12+05:30,"%B4539000000007765^GUPTA/PRIYA^2601101000000000000?","4539000000007765=26011010000045670000",4539********7765,PRIYA GUPTA,01/26
CAP-005,2026-03-14T11:31:55+05:30,"%B6011000000003318^SINGH/ARJUN^2711101000000000000?","6011000000003318=27111010000078900000",6011********3318,ARJUN SINGH,11/27
CAP-006,2026-03-15T20:03:09+05:30,"%B4539000000002247^REDDY/KAVYA^2805101000000000000?","4539000000002247=28051010000023410000",4539********2247,KAVYA REDDY,05/28

# NOTE: All card numbers, names, and expiry dates above are synthetically generated
# for this coursework simulation. No real cardholders or accounts are represented.
